Light,Sight
darkness,nearsighted
darkness,nearsighted
darkness,nearsighted
darkness,nearsighted
darkness,nearsighted
darkness,nearsighted
darkness,nearsighted
darkness,nearsighted
darkness,nearsighted
darkness,nearsighted
darkness,nearsighted
darkness,nearsighted
darkness,nearsighted
darkness,nearsighted
darkness,nearsighted
darkness,nearsighted
darkness,nearsighted
darkness,nearsighted
darkness,not nearsighted
darkness,not nearsighted
darkness,not nearsighted
darkness,not nearsighted
darkness,not nearsighted
darkness,not nearsighted
darkness,not nearsighted
darkness,not nearsighted
darkness,not nearsighted
darkness,not nearsighted
darkness,not nearsighted
darkness,not nearsighted
darkness,not nearsighted
darkness,not nearsighted
darkness,not nearsighted
darkness,not nearsighted
darkness,not nearsighted
darkness,not nearsighted
darkness,not nearsighted
darkness,not nearsighted
darkness,not nearsighted
darkness,not nearsighted
darkness,not nearsighted
darkness,not nearsighted
darkness,not nearsighted
darkness,not nearsighted
darkness,not nearsighted
darkness,not nearsighted
darkness,not nearsighted
darkness,not nearsighted
darkness,not nearsighted
darkness,not nearsighted
darkness,not nearsighted
darkness,not nearsighted
darkness,not nearsighted
darkness,not nearsighted
darkness,not nearsighted
darkness,not nearsighted
darkness,not nearsighted
darkness,not nearsighted
darkness,not nearsighted
darkness,not nearsighted
darkness,not nearsighted
darkness,not nearsighted
darkness,not nearsighted
darkness,not nearsighted
darkness,not nearsighted
darkness,not nearsighted
darkness,not nearsighted
darkness,not nearsighted
darkness,not nearsighted
darkness,not nearsighted
darkness,not nearsighted
darkness,not nearsighted
darkness,not nearsighted
darkness,not nearsighted
darkness,not nearsighted
darkness,not nearsighted
darkness,not nearsighted
darkness,not nearsighted
darkness,not nearsighted
darkness,not nearsighted
darkness,not nearsighted
darkness,not nearsighted
darkness,not nearsighted
darkness,not nearsighted
darkness,not nearsighted
darkness,not nearsighted
darkness,not nearsighted
darkness,not nearsighted
darkness,not nearsighted
darkness,not nearsighted
darkness,not nearsighted
darkness,not nearsighted
darkness,not nearsighted
darkness,not nearsighted
darkness,not nearsighted
darkness,not nearsighted
darkness,not nearsighted
darkness,not nearsighted
darkness,not nearsighted
darkness,not nearsighted
darkness,not nearsighted
darkness,not nearsighted
darkness,not nearsighted
darkness,not nearsighted
darkness,not nearsighted
darkness,not nearsighted
darkness,not nearsighted
darkness,not nearsighted
darkness,not nearsighted
darkness,not nearsighted
darkness,not nearsighted
darkness,not nearsighted
darkness,not nearsighted
darkness,not nearsighted
darkness,not nearsighted
darkness,not nearsighted
darkness,not nearsighted
darkness,not nearsighted
darkness,not nearsighted
darkness,not nearsighted
darkness,not nearsighted
darkness,not nearsighted
darkness,not nearsighted
darkness,not nearsighted
darkness,not nearsighted
darkness,not nearsighted
darkness,not nearsighted
darkness,not nearsighted
darkness,not nearsighted
darkness,not nearsighted
darkness,not nearsighted
darkness,not nearsighted
darkness,not nearsighted
darkness,not nearsighted
darkness,not nearsighted
darkness,not nearsighted
darkness,not nearsighted
darkness,not nearsighted
darkness,not nearsighted
darkness,not nearsighted
darkness,not nearsighted
darkness,not nearsighted
darkness,not nearsighted
darkness,not nearsighted
darkness,not nearsighted
darkness,not nearsighted
darkness,not nearsighted
darkness,not nearsighted
darkness,not nearsighted
darkness,not nearsighted
darkness,not nearsighted
darkness,not nearsighted
darkness,not nearsighted
darkness,not nearsighted
darkness,not nearsighted
darkness,not nearsighted
darkness,not nearsighted
darkness,not nearsighted
darkness,not nearsighted
darkness,not nearsighted
darkness,not nearsighted
darkness,not nearsighted
darkness,not nearsighted
darkness,not nearsighted
darkness,not nearsighted
darkness,not nearsighted
darkness,not nearsighted
darkness,not nearsighted
darkness,not nearsighted
darkness,not nearsighted
darkness,not nearsighted
darkness,not nearsighted
night light,nearsighted
night light,nearsighted
night light,nearsighted
night light,nearsighted
night light,nearsighted
night light,nearsighted
night light,nearsighted
night light,nearsighted
night light,nearsighted
night light,nearsighted
night light,nearsighted
night light,nearsighted
night light,nearsighted
night light,nearsighted
night light,nearsighted
night light,nearsighted
night light,nearsighted
night light,nearsighted
night light,nearsighted
night light,nearsighted
night light,nearsighted
night light,nearsighted
night light,nearsighted
night light,nearsighted
night light,nearsighted
night light,nearsighted
night light,nearsighted
night light,nearsighted
night light,nearsighted
night light,nearsighted
night light,nearsighted
night light,nearsighted
night light,nearsighted
night light,nearsighted
night light,nearsighted
night light,nearsighted
night light,nearsighted
night light,nearsighted
night light,nearsighted
night light,nearsighted
night light,nearsighted
night light,nearsighted
night light,nearsighted
night light,nearsighted
night light,nearsighted
night light,nearsighted
night light,nearsighted
night light,nearsighted
night light,nearsighted
night light,nearsighted
night light,nearsighted
night light,nearsighted
night light,nearsighted
night light,nearsighted
night light,nearsighted
night light,nearsighted
night light,nearsighted
night light,nearsighted
night light,nearsighted
night light,nearsighted
night light,nearsighted
night light,nearsighted
night light,nearsighted
night light,nearsighted
night light,nearsighted
night light,nearsighted
night light,nearsighted
night light,nearsighted
night light,nearsighted
night light,nearsighted
night light,nearsighted
night light,nearsighted
night light,nearsighted
night light,nearsighted
night light,nearsighted
night light,nearsighted
night light,nearsighted
night light,nearsighted
night light,not nearsighted
night light,not nearsighted
night light,not nearsighted
night light,not nearsighted
night light,not nearsighted
night light,not nearsighted
night light,not nearsighted
night light,not nearsighted
night light,not nearsighted
night light,not nearsighted
night light,not nearsighted
night light,not nearsighted
night light,not nearsighted
night light,not nearsighted
night light,not nearsighted
night light,not nearsighted
night light,not nearsighted
night light,not nearsighted
night light,not nearsighted
night light,not nearsighted
night light,not nearsighted
night light,not nearsighted
night light,not nearsighted
night light,not nearsighted
night light,not nearsighted
night light,not nearsighted
night light,not nearsighted
night light,not nearsighted
night light,not nearsighted
night light,not nearsighted
night light,not nearsighted
night light,not nearsighted
night light,not nearsighted
night light,not nearsighted
night light,not nearsighted
night light,not nearsighted
night light,not nearsighted
night light,not nearsighted
night light,not nearsighted
night light,not nearsighted
night light,not nearsighted
night light,not nearsighted
night light,not nearsighted
night light,not nearsighted
night light,not nearsighted
night light,not nearsighted
night light,not nearsighted
night light,not nearsighted
night light,not nearsighted
night light,not nearsighted
night light,not nearsighted
night light,not nearsighted
night light,not nearsighted
night light,not nearsighted
night light,not nearsighted
night light,not nearsighted
night light,not nearsighted
night light,not nearsighted
night light,not nearsighted
night light,not nearsighted
night light,not nearsighted
night light,not nearsighted
night light,not nearsighted
night light,not nearsighted
night light,not nearsighted
night light,not nearsighted
night light,not nearsighted
night light,not nearsighted
night light,not nearsighted
night light,not nearsighted
night light,not nearsighted
night light,not nearsighted
night light,not nearsighted
night light,not nearsighted
night light,not nearsighted
night light,not nearsighted
night light,not nearsighted
night light,not nearsighted
night light,not nearsighted
night light,not nearsighted
night light,not nearsighted
night light,not nearsighted
night light,not nearsighted
night light,not nearsighted
night light,not nearsighted
night light,not nearsighted
night light,not nearsighted
night light,not nearsighted
night light,not nearsighted
night light,not nearsighted
night light,not nearsighted
night light,not nearsighted
night light,not nearsighted
night light,not nearsighted
night light,not nearsighted
night light,not nearsighted
night light,not nearsighted
night light,not nearsighted
night light,not nearsighted
night light,not nearsighted
night light,not nearsighted
night light,not nearsighted
night light,not nearsighted
night light,not nearsighted
night light,not nearsighted
night light,not nearsighted
night light,not nearsighted
night light,not nearsighted
night light,not nearsighted
night light,not nearsighted
night light,not nearsighted
night light,not nearsighted
night light,not nearsighted
night light,not nearsighted
night light,not nearsighted
night light,not nearsighted
night light,not nearsighted
night light,not nearsighted
night light,not nearsighted
night light,not nearsighted
night light,not nearsighted
night light,not nearsighted
night light,not nearsighted
night light,not nearsighted
night light,not nearsighted
night light,not nearsighted
night light,not nearsighted
night light,not nearsighted
night light,not nearsighted
night light,not nearsighted
night light,not nearsighted
night light,not nearsighted
night light,not nearsighted
night light,not nearsighted
night light,not nearsighted
night light,not nearsighted
night light,not nearsighted
night light,not nearsighted
night light,not nearsighted
night light,not nearsighted
night light,not nearsighted
night light,not nearsighted
night light,not nearsighted
night light,not nearsighted
night light,not nearsighted
night light,not nearsighted
night light,not nearsighted
night light,not nearsighted
night light,not nearsighted
night light,not nearsighted
night light,not nearsighted
night light,not nearsighted
night light,not nearsighted
night light,not nearsighted
room light,nearsighted
room light,nearsighted
room light,nearsighted
room light,nearsighted
room light,nearsighted
room light,nearsighted
room light,nearsighted
room light,nearsighted
room light,nearsighted
room light,nearsighted
room light,nearsighted
room light,nearsighted
room light,nearsighted
room light,nearsighted
room light,nearsighted
room light,nearsighted
room light,nearsighted
room light,nearsighted
room light,nearsighted
room light,nearsighted
room light,nearsighted
room light,nearsighted
room light,nearsighted
room light,nearsighted
room light,nearsighted
room light,nearsighted
room light,nearsighted
room light,nearsighted
room light,nearsighted
room light,nearsighted
room light,nearsighted
room light,nearsighted
room light,nearsighted
room light,nearsighted
room light,nearsighted
room light,nearsighted
room light,nearsighted
room light,nearsighted
room light,nearsighted
room light,nearsighted
room light,nearsighted
room light,not nearsighted
room light,not nearsighted
room light,not nearsighted
room light,not nearsighted
room light,not nearsighted
room light,not nearsighted
room light,not nearsighted
room light,not nearsighted
room light,not nearsighted
room light,not nearsighted
room light,not nearsighted
room light,not nearsighted
room light,not nearsighted
room light,not nearsighted
room light,not nearsighted
room light,not nearsighted
room light,not nearsighted
room light,not nearsighted
room light,not nearsighted
room light,not nearsighted
room light,not nearsighted
room light,not nearsighted
room light,not nearsighted
room light,not nearsighted
room light,not nearsighted
room light,not nearsighted
room light,not nearsighted
room light,not nearsighted
room light,not nearsighted
room light,not nearsighted
room light,not nearsighted
room light,not nearsighted
room light,not nearsighted
room light,not nearsighted